Test_ID,Event_Time_s,Event_Type,Controller_State_From,Controller_State_To,DC_Bus_V,Relay_Command,Relay_State,Fault_Clear_Time_s,Safe_Interval_Start_Time_s,Safe_Interval_Interruptions,Configured_Recovery_Dwell_s,Message
T03,0.60925,CONTROLLER_STATE,1,2,49.6818141927253,1,1,0.618,NaN,0,0.35,Measured transition
T03,0.6245,CONTROLLER_STATE,2,1,49.4706727082049,1,1,0.618,NaN,0,0.35,Measured transition
T03,0.628,CONTROLLER_STATE,1,2,49.5132751621937,1,1,0.618,NaN,0,0.35,Measured transition
T03,0.6295,CONTROLLER_STATE,2,1,49.47329232782,1,1,0.618,NaN,0,0.35,Measured transition
T04,0.60525,CONTROLLER_STATE,1,2,49.9679334421126,1,1,0.7,NaN,0,0.35,Measured transition
T04,0.6075,CONTROLLER_STATE,2,3,53.1666623821995,1,1,0.7,NaN,0,0.35,Measured transition
T04,0.63925,CONTROLLER_STATE,3,2,52.67515096027,1,1,0.7,NaN,0,0.35,Measured transition
T04,0.65425,CONTROLLER_STATE,2,1,49.4408323656421,1,1,0.7,NaN,0,0.35,Measured transition
T04,0.60725,FAULT_DETECTION,NaN,NaN,52.8253274903124,1,1,0.7,NaN,0,0.35,Warning/emergency threshold crossing
T05,0.602,CONTROLLER_STATE,1,2,52.8039738685459,1,1,0.7,0.6915,0,0.35,Measured transition
T05,0.60225,CONTROLLER_STATE,2,3,54.8580439386504,1,1,0.7,0.6915,0,0.35,Measured transition
T05,0.6065,CONTROLLER_STATE,3,4,69.6805615397628,0,1,0.7,0.6915,0,0.35,Measured transition
T05,0.61475,PHYSICAL_RELAY,4,4,69.233713490855,0,0,0.7,0.6915,0,0.35,Measured transition
T05,0.69175,CONTROLLER_STATE,4,5,51.3255768578818,0,0,0.7,0.6915,0,0.35,Measured transition
T05,1.04175,CONTROLLER_STATE,5,6,50.4650073587827,1,0,0.7,0.6915,0,0.35,Measured transition
T05,1.042,CONTROLLER_STATE,6,2,50.4686075129281,1,0,0.7,0.6915,0,0.35,Measured transition
T05,1.054,PHYSICAL_RELAY,2,2,50.4833214869605,1,1,0.7,0.6915,0,0.35,Measured transition
T05,1.0965,CONTROLLER_STATE,2,1,49.4864681174321,1,1,0.7,0.6915,0,0.35,Measured transition
T05,1.0985,CONTROLLER_STATE,1,2,49.5107514341221,1,1,0.7,0.6915,0,0.35,Measured transition
T05,1.1015,CONTROLLER_STATE,2,1,49.4854604188384,1,1,0.7,0.6915,0,0.35,Measured transition
T05,1.10325,CONTROLLER_STATE,1,2,49.5109731899512,1,1,0.7,0.6915,0,0.35,Measured transition
T05,1.10575,CONTROLLER_STATE,2,1,49.4903613682687,1,1,0.7,0.6915,0,0.35,Measured transition
T05,1.10775,CONTROLLER_STATE,1,2,49.5153809367075,1,1,0.7,0.6915,0,0.35,Measured transition
T05,1.11,CONTROLLER_STATE,2,1,49.4804913205294,1,1,0.7,0.6915,0,0.35,Measured transition
T05,1.11325,CONTROLLER_STATE,1,2,49.5097916835848,1,1,0.7,0.6915,0,0.35,Measured transition
T05,1.11475,CONTROLLER_STATE,2,1,49.4846699475522,1,1,0.7,0.6915,0,0.35,Measured transition
T05,1.11925,CONTROLLER_STATE,1,2,49.508942969579,1,1,0.7,0.6915,0,0.35,Measured transition
T05,1.1205,CONTROLLER_STATE,2,1,49.4821126735244,1,1,0.7,0.6915,0,0.35,Measured transition
T05,1.127,CONTROLLER_STATE,1,2,49.5042779275975,1,1,0.7,0.6915,0,0.35,Measured transition
T05,1.12775,CONTROLLER_STATE,2,1,49.489142619099,1,1,0.7,0.6915,0,0.35,Measured transition
T05,0.602,FAULT_DETECTION,NaN,NaN,52.8039738685459,1,1,0.7,0.6915,0,0.35,Warning/emergency threshold crossing
T05,0.60625,TRIP_COMMAND,NaN,NaN,69.6388593680764,1,1,0.7,0.6915,0,0.35,Controller trip command
T05,0.6145,PHYSICAL_OPEN,NaN,NaN,69.27268229613,0,1,0.7,0.6915,0,0.35,Contactor physically open
T05,0.6915,SAFE_INTERVAL_START,NaN,NaN,51.3481546967765,0,0,0.7,0.6915,0,0.35,Start of uninterrupted safe interval leading to reconnect
T05,1.0415,RECONNECT_COMMAND,NaN,NaN,50.4615228731266,0,0,0.7,0.6915,0,0.35,Reconnect command after safe dwell
T05,1.05375,PHYSICAL_CLOSE,NaN,NaN,50.4871643933769,1,0,0.7,0.6915,0,0.35,Contactor physically closed
T06,0.6035,CONTROLLER_STATE,1,2,50.3922271996015,1,1,0.87,0.846,2,0.35,Measured transition
T06,0.60475,CONTROLLER_STATE,2,3,53.9126274080465,1,1,0.87,0.846,2,0.35,Measured transition
T06,0.6495,CONTROLLER_STATE,3,4,53.2808483781952,0,1,0.87,0.846,2,0.35,Measured transition
T06,0.655,CONTROLLER_STATE,4,5,51.2844984383258,0,1,0.87,0.846,2,0.35,Measured transition
T06,0.65775,PHYSICAL_RELAY,5,5,50.7245828677001,0,0,0.87,0.846,2,0.35,Measured transition
T06,0.6875,CONTROLLER_STATE,5,4,51.8650537429223,0,0,0.87,0.846,2,0.35,Measured transition
T06,0.7585,CONTROLLER_STATE,4,5,51.3261887405283,0,0,0.87,0.846,2,0.35,Measured transition
T06,0.77225,CONTROLLER_STATE,5,4,51.7687581763152,0,0,0.87,0.846,2,0.35,Measured transition
T06,0.84625,CONTROLLER_STATE,4,5,51.3366522322144,0,0,0.87,0.846,2,0.35,Measured transition
T06,1.19625,CONTROLLER_STATE,5,6,50.4305693121666,1,0,0.87,0.846,2,0.35,Measured transition
T06,1.1965,CONTROLLER_STATE,6,2,50.4320324090525,1,0,0.87,0.846,2,0.35,Measured transition
T06,1.2085,PHYSICAL_RELAY,2,2,50.5084873853795,1,1,0.87,0.846,2,0.35,Measured transition
T06,1.2515,CONTROLLER_STATE,2,1,49.4808668622909,1,1,0.87,0.846,2,0.35,Measured transition
T06,1.25375,CONTROLLER_STATE,1,2,49.5162406893385,1,1,0.87,0.846,2,0.35,Measured transition
T06,1.2565,CONTROLLER_STATE,2,1,49.4902205873187,1,1,0.87,0.846,2,0.35,Measured transition
T06,1.2585,CONTROLLER_STATE,1,2,49.5145820143211,1,1,0.87,0.846,2,0.35,Measured transition
T06,1.261,CONTROLLER_STATE,2,1,49.482470602648,1,1,0.87,0.846,2,0.35,Measured transition
T06,1.2635,CONTROLLER_STATE,1,2,49.5171537225454,1,1,0.87,0.846,2,0.35,Measured transition
T06,1.26575,CONTROLLER_STATE,2,1,49.484107629453,1,1,0.87,0.846,2,0.35,Measured transition
T06,1.26875,CONTROLLER_STATE,1,2,49.5076454519347,1,1,0.87,0.846,2,0.35,Measured transition
T06,1.27025,CONTROLLER_STATE,2,1,49.483085872609,1,1,0.87,0.846,2,0.35,Measured transition
T06,1.27475,CONTROLLER_STATE,1,2,49.5057598973299,1,1,0.87,0.846,2,0.35,Measured transition
T06,1.27575,CONTROLLER_STATE,2,1,49.4866251462258,1,1,0.87,0.846,2,0.35,Measured transition
T06,1.2845,CONTROLLER_STATE,1,2,49.5012414513803,1,1,0.87,0.846,2,0.35,Measured transition
T06,1.285,CONTROLLER_STATE,2,1,49.4909524772363,1,1,0.87,0.846,2,0.35,Measured transition
T06,0.6045,FAULT_DETECTION,NaN,NaN,53.1705776100689,1,1,0.87,0.846,2,0.35,Warning/emergency threshold crossing
T06,0.64925,TRIP_COMMAND,NaN,NaN,53.4105389364522,1,1,0.87,0.846,2,0.35,Controller trip command
T06,0.6575,PHYSICAL_OPEN,NaN,NaN,50.7692054412437,0,1,0.87,0.846,2,0.35,Contactor physically open
T06,0.846,SAFE_INTERVAL_START,NaN,NaN,51.3517575784542,0,0,0.87,0.846,2,0.35,Start of uninterrupted safe interval leading to reconnect
T06,1.196,RECONNECT_COMMAND,NaN,NaN,50.4294047054657,0,0,0.87,0.846,2,0.35,Reconnect command after safe dwell
T06,1.20825,PHYSICAL_CLOSE,NaN,NaN,50.5116662339735,1,0,0.87,0.846,2,0.35,Contactor physically closed
T07,0.60725,CONTROLLER_STATE,1,2,49.6801511660647,1,1,0.82,0.85425,0,0.35,Measured transition
T07,0.61525,CONTROLLER_STATE,2,3,52.8954871273866,1,1,0.82,0.85425,0,0.35,Measured transition
T07,0.66,CONTROLLER_STATE,3,4,56.1221681810814,0,1,0.82,0.85425,0,0.35,Measured transition
T07,0.66825,PHYSICAL_RELAY,4,4,56.3187510608072,0,0,0.82,0.85425,0,0.35,Measured transition
T07,0.8545,CONTROLLER_STATE,4,5,51.3295117080316,0,0,0.82,0.85425,0,0.35,Measured transition
T07,1.2045,CONTROLLER_STATE,5,6,50.4681302994614,1,0,0.82,0.85425,0,0.35,Measured transition
T07,1.20475,CONTROLLER_STATE,6,2,50.4642880257465,1,0,0.82,0.85425,0,0.35,Measured transition
T07,1.21675,PHYSICAL_RELAY,2,2,50.5111076749451,1,1,0.82,0.85425,0,0.35,Measured transition
T07,1.26025,CONTROLLER_STATE,2,1,49.4897400120351,1,1,0.82,0.85425,0,0.35,Measured transition
T07,1.26175,CONTROLLER_STATE,1,2,49.5087342451291,1,1,0.82,0.85425,0,0.35,Measured transition
T07,1.264,CONTROLLER_STATE,2,1,49.4887633013805,1,1,0.82,0.85425,0,0.35,Measured transition
T07,1.266,CONTROLLER_STATE,1,2,49.5085172997453,1,1,0.82,0.85425,0,0.35,Measured transition
T07,1.26775,CONTROLLER_STATE,2,1,49.4878907824869,1,1,0.82,0.85425,0,0.35,Measured transition
T07,1.27025,CONTROLLER_STATE,1,2,49.5143982742817,1,1,0.82,0.85425,0,0.35,Measured transition
T07,1.27225,CONTROLLER_STATE,2,1,49.4842776480354,1,1,0.82,0.85425,0,0.35,Measured transition
T07,1.275,CONTROLLER_STATE,1,2,49.5147564042119,1,1,0.82,0.85425,0,0.35,Measured transition
T07,1.277,CONTROLLER_STATE,2,1,49.4850778127364,1,1,0.82,0.85425,0,0.35,Measured transition
T07,1.28,CONTROLLER_STATE,1,2,49.5069580335363,1,1,0.82,0.85425,0,0.35,Measured transition
T07,1.28125,CONTROLLER_STATE,2,1,49.4900783190313,1,1,0.82,0.85425,0,0.35,Measured transition
T07,1.28575,CONTROLLER_STATE,1,2,49.5028940549766,1,1,0.82,0.85425,0,0.35,Measured transition
T07,1.2865,CONTROLLER_STATE,2,1,49.4873296929525,1,1,0.82,0.85425,0,0.35,Measured transition
T07,0.615,FAULT_DETECTION,NaN,NaN,52.8324823203979,1,1,0.82,0.85425,0,0.35,Warning/emergency threshold crossing
T07,0.65975,TRIP_COMMAND,NaN,NaN,56.1159031142125,1,1,0.82,0.85425,0,0.35,Controller trip command
T07,0.668,PHYSICAL_OPEN,NaN,NaN,56.3130926005866,0,1,0.82,0.85425,0,0.35,Contactor physically open
T07,0.85425,SAFE_INTERVAL_START,NaN,NaN,51.3509184438355,0,0,0.82,0.85425,0,0.35,Start of uninterrupted safe interval leading to reconnect
T07,1.20425,RECONNECT_COMMAND,NaN,NaN,50.4720052856403,0,0,0.82,0.85425,0,0.35,Reconnect command after safe dwell
T07,1.2165,PHYSICAL_CLOSE,NaN,NaN,50.5080919601203,1,0,0.82,0.85425,0,0.35,Contactor physically closed
T08,0.602,CONTROLLER_STATE,1,2,52.8039738685459,1,1,0.7,0.6915,0,0.35,Measured transition
T08,0.60225,CONTROLLER_STATE,2,3,54.8580439386504,1,1,0.7,0.6915,0,0.35,Measured transition
T08,0.6065,CONTROLLER_STATE,3,4,69.6805615397628,0,1,0.7,0.6915,0,0.35,Measured transition
T08,0.61475,PHYSICAL_RELAY,4,4,69.233713490855,0,0,0.7,0.6915,0,0.35,Measured transition
T08,0.69175,CONTROLLER_STATE,4,5,51.3255768578818,0,0,0.7,0.6915,0,0.35,Measured transition
T08,1.04175,CONTROLLER_STATE,5,6,50.4650073587827,1,0,0.7,0.6915,0,0.35,Measured transition
T08,1.042,CONTROLLER_STATE,6,2,50.4686075129281,1,0,0.7,0.6915,0,0.35,Measured transition
T08,1.054,PHYSICAL_RELAY,2,2,50.4833214869605,1,1,0.7,0.6915,0,0.35,Measured transition
T08,1.0965,CONTROLLER_STATE,2,1,49.4864681174321,1,1,0.7,0.6915,0,0.35,Measured transition
T08,1.0985,CONTROLLER_STATE,1,2,49.5107514341221,1,1,0.7,0.6915,0,0.35,Measured transition
T08,1.1015,CONTROLLER_STATE,2,1,49.4854604188384,1,1,0.7,0.6915,0,0.35,Measured transition
T08,1.10325,CONTROLLER_STATE,1,2,49.5109731899512,1,1,0.7,0.6915,0,0.35,Measured transition
T08,1.10575,CONTROLLER_STATE,2,1,49.4903613682687,1,1,0.7,0.6915,0,0.35,Measured transition
T08,1.10775,CONTROLLER_STATE,1,2,49.5153809367075,1,1,0.7,0.6915,0,0.35,Measured transition
T08,1.11,CONTROLLER_STATE,2,1,49.4804913205294,1,1,0.7,0.6915,0,0.35,Measured transition
T08,1.11325,CONTROLLER_STATE,1,2,49.5097916835848,1,1,0.7,0.6915,0,0.35,Measured transition
T08,1.11475,CONTROLLER_STATE,2,1,49.4846699475522,1,1,0.7,0.6915,0,0.35,Measured transition
T08,1.11925,CONTROLLER_STATE,1,2,49.508942969579,1,1,0.7,0.6915,0,0.35,Measured transition
T08,1.1205,CONTROLLER_STATE,2,1,49.4821126735244,1,1,0.7,0.6915,0,0.35,Measured transition
T08,1.127,CONTROLLER_STATE,1,2,49.5042779275975,1,1,0.7,0.6915,0,0.35,Measured transition
T08,1.12775,CONTROLLER_STATE,2,1,49.489142619099,1,1,0.7,0.6915,0,0.35,Measured transition
T08,0.602,FAULT_DETECTION,NaN,NaN,52.8039738685459,1,1,0.7,0.6915,0,0.35,Warning/emergency threshold crossing
T08,0.60625,TRIP_COMMAND,NaN,NaN,69.6388593680764,1,1,0.7,0.6915,0,0.35,Controller trip command
T08,0.6145,PHYSICAL_OPEN,NaN,NaN,69.27268229613,0,1,0.7,0.6915,0,0.35,Contactor physically open
T08,0.6915,SAFE_INTERVAL_START,NaN,NaN,51.3481546967765,0,0,0.7,0.6915,0,0.35,Start of uninterrupted safe interval leading to reconnect
T08,1.0415,RECONNECT_COMMAND,NaN,NaN,50.4615228731266,0,0,0.7,0.6915,0,0.35,Reconnect command after safe dwell
T08,1.05375,PHYSICAL_CLOSE,NaN,NaN,50.4871643933769,1,0,0.7,0.6915,0,0.35,Contactor physically closed
T09,0.60675,CONTROLLER_STATE,1,2,49.8972432198993,1,1,0.72,0.754,0,0.35,Measured transition
T09,0.612,CONTROLLER_STATE,2,3,52.9214906879805,1,1,0.72,0.754,0,0.35,Measured transition
T09,0.65675,CONTROLLER_STATE,3,4,59.712046129309,0,1,0.72,0.754,0,0.35,Measured transition
T09,0.665,PHYSICAL_RELAY,4,4,60.4951816249565,0,0,0.72,0.754,0,0.35,Measured transition
T09,0.75425,CONTROLLER_STATE,4,5,51.3327244882964,0,0,0.72,0.754,0,0.35,Measured transition
T09,1.10425,CONTROLLER_STATE,5,6,50.4874139119573,1,0,0.72,0.754,0,0.35,Measured transition
T09,1.1045,CONTROLLER_STATE,6,2,50.4912332660501,1,0,0.72,0.754,0,0.35,Measured transition
T09,1.1165,PHYSICAL_RELAY,2,2,50.4515331976291,1,1,0.72,0.754,0,0.35,Measured transition
T09,1.1585,CONTROLLER_STATE,2,1,49.4810805459992,1,1,0.72,0.754,0,0.35,Measured transition
T09,1.1605,CONTROLLER_STATE,1,2,49.5164373913331,1,1,0.72,0.754,0,0.35,Measured transition
T09,1.16425,CONTROLLER_STATE,2,1,49.4867742848546,1,1,0.72,0.754,0,0.35,Measured transition
T09,1.166,CONTROLLER_STATE,1,2,49.5133512401043,1,1,0.72,0.754,0,0.35,Measured transition
T09,1.1685,CONTROLLER_STATE,2,1,49.4903670194963,1,1,0.72,0.754,0,0.35,Measured transition
T09,1.1705,CONTROLLER_STATE,1,2,49.5075562016566,1,1,0.72,0.754,0,0.35,Measured transition
T09,1.17225,CONTROLLER_STATE,2,1,49.483034256109,1,1,0.72,0.754,0,0.35,Measured transition
T09,1.1755,CONTROLLER_STATE,1,2,49.5115535301967,1,1,0.72,0.754,0,0.35,Measured transition
T09,1.177,CONTROLLER_STATE,2,1,49.484632879992,1,1,0.72,0.754,0,0.35,Measured transition
T09,1.18125,CONTROLLER_STATE,1,2,49.5106309726979,1,1,0.72,0.754,0,0.35,Measured transition
T09,1.1825,CONTROLLER_STATE,2,1,49.4882689936897,1,1,0.72,0.754,0,0.35,Measured transition
T09,1.18725,CONTROLLER_STATE,1,2,49.5062393837324,1,1,0.72,0.754,0,0.35,Measured transition
T09,1.18825,CONTROLLER_STATE,2,1,49.4845046593406,1,1,0.72,0.754,0,0.35,Measured transition
T09,0.61175,FAULT_DETECTION,NaN,NaN,52.8214023247832,1,1,0.72,0.754,0,0.35,Warning/emergency threshold crossing
T09,0.6565,TRIP_COMMAND,NaN,NaN,59.6877517613104,1,1,0.72,0.754,0,0.35,Controller trip command
T09,0.66475,PHYSICAL_OPEN,NaN,NaN,60.4719806793715,0,1,0.72,0.754,0,0.35,Contactor physically open
T09,0.754,SAFE_INTERVAL_START,NaN,NaN,51.3555378906944,0,0,0.72,0.754,0,0.35,Start of uninterrupted safe interval leading to reconnect
T09,1.104,RECONNECT_COMMAND,NaN,NaN,50.4835882685353,0,0,0.72,0.754,0,0.35,Reconnect command after safe dwell
T09,1.11625,PHYSICAL_CLOSE,NaN,NaN,50.4547695821839,1,0,0.72,0.754,0,0.35,Contactor physically closed
T10,0.60675,CONTROLLER_STATE,1,2,49.8972432198993,1,1,0.72,0.754,0,0.35,Measured transition
T10,0.612,CONTROLLER_STATE,2,3,52.9214906879805,1,1,0.72,0.754,0,0.35,Measured transition
T10,0.65675,CONTROLLER_STATE,3,4,59.712046129309,0,1,0.72,0.754,0,0.35,Measured transition
T10,0.665,PHYSICAL_RELAY,4,4,60.4951816249565,0,0,0.72,0.754,0,0.35,Measured transition
T10,0.75425,CONTROLLER_STATE,4,5,51.3327244882964,0,0,0.72,0.754,0,0.35,Measured transition
T10,1.10425,CONTROLLER_STATE,5,6,50.4874139119573,1,0,0.72,0.754,0,0.35,Measured transition
T10,1.1045,CONTROLLER_STATE,6,2,50.4912332660501,1,0,0.72,0.754,0,0.35,Measured transition
T10,1.1165,PHYSICAL_RELAY,2,2,50.4515331976291,1,1,0.72,0.754,0,0.35,Measured transition
T10,1.1585,CONTROLLER_STATE,2,1,49.4810805459992,1,1,0.72,0.754,0,0.35,Measured transition
T10,1.1605,CONTROLLER_STATE,1,2,49.5164373913331,1,1,0.72,0.754,0,0.35,Measured transition
T10,1.16425,CONTROLLER_STATE,2,1,49.4867742848546,1,1,0.72,0.754,0,0.35,Measured transition
T10,1.166,CONTROLLER_STATE,1,2,49.5133512401043,1,1,0.72,0.754,0,0.35,Measured transition
T10,1.1685,CONTROLLER_STATE,2,1,49.4903670194963,1,1,0.72,0.754,0,0.35,Measured transition
T10,1.1705,CONTROLLER_STATE,1,2,49.5075562016566,1,1,0.72,0.754,0,0.35,Measured transition
T10,1.17225,CONTROLLER_STATE,2,1,49.483034256109,1,1,0.72,0.754,0,0.35,Measured transition
T10,1.1755,CONTROLLER_STATE,1,2,49.5115535301967,1,1,0.72,0.754,0,0.35,Measured transition
T10,1.177,CONTROLLER_STATE,2,1,49.484632879992,1,1,0.72,0.754,0,0.35,Measured transition
T10,1.18125,CONTROLLER_STATE,1,2,49.5106309726979,1,1,0.72,0.754,0,0.35,Measured transition
T10,1.1825,CONTROLLER_STATE,2,1,49.4882689936897,1,1,0.72,0.754,0,0.35,Measured transition
T10,1.18725,CONTROLLER_STATE,1,2,49.5062393837324,1,1,0.72,0.754,0,0.35,Measured transition
T10,1.18825,CONTROLLER_STATE,2,1,49.4845046593406,1,1,0.72,0.754,0,0.35,Measured transition
T10,0.61175,FAULT_DETECTION,NaN,NaN,52.8214023247832,1,1,0.72,0.754,0,0.35,Warning/emergency threshold crossing
T10,0.6565,TRIP_COMMAND,NaN,NaN,59.6877517613104,1,1,0.72,0.754,0,0.35,Controller trip command
T10,0.66475,PHYSICAL_OPEN,NaN,NaN,60.4719806793715,0,1,0.72,0.754,0,0.35,Contactor physically open
T10,0.754,SAFE_INTERVAL_START,NaN,NaN,51.3555378906944,0,0,0.72,0.754,0,0.35,Start of uninterrupted safe interval leading to reconnect
T10,1.104,RECONNECT_COMMAND,NaN,NaN,50.4835882685353,0,0,0.72,0.754,0,0.35,Reconnect command after safe dwell
T10,1.11625,PHYSICAL_CLOSE,NaN,NaN,50.4547695821839,1,0,0.72,0.754,0,0.35,Contactor physically closed
T11,0.602,CONTROLLER_STATE,1,2,52.8039738685459,1,1,0.7,0.6915,0,0.35,Measured transition
T11,0.60225,CONTROLLER_STATE,2,3,54.8580439386504,1,1,0.7,0.6915,0,0.35,Measured transition
T11,0.6065,CONTROLLER_STATE,3,4,69.6805615397628,0,1,0.7,0.6915,0,0.35,Measured transition
T11,0.61475,PHYSICAL_RELAY,4,4,69.233713490855,0,0,0.7,0.6915,0,0.35,Measured transition
T11,0.69175,CONTROLLER_STATE,4,5,51.3255768578818,0,0,0.7,0.6915,0,0.35,Measured transition
T11,1.04175,CONTROLLER_STATE,5,6,50.4650073587827,1,0,0.7,0.6915,0,0.35,Measured transition
T11,1.042,CONTROLLER_STATE,6,2,50.4686075129281,1,0,0.7,0.6915,0,0.35,Measured transition
T11,1.054,PHYSICAL_RELAY,2,2,50.4833214869605,1,1,0.7,0.6915,0,0.35,Measured transition
T11,1.0965,CONTROLLER_STATE,2,1,49.4864681174321,1,1,0.7,0.6915,0,0.35,Measured transition
T11,1.0985,CONTROLLER_STATE,1,2,49.5107514341221,1,1,0.7,0.6915,0,0.35,Measured transition
T11,1.1015,CONTROLLER_STATE,2,1,49.4854604188384,1,1,0.7,0.6915,0,0.35,Measured transition
T11,1.10325,CONTROLLER_STATE,1,2,49.5109731899512,1,1,0.7,0.6915,0,0.35,Measured transition
T11,1.10575,CONTROLLER_STATE,2,1,49.4903613682687,1,1,0.7,0.6915,0,0.35,Measured transition
T11,1.10775,CONTROLLER_STATE,1,2,49.5153809367075,1,1,0.7,0.6915,0,0.35,Measured transition
T11,1.11,CONTROLLER_STATE,2,1,49.4804913205294,1,1,0.7,0.6915,0,0.35,Measured transition
T11,1.11325,CONTROLLER_STATE,1,2,49.5097916835848,1,1,0.7,0.6915,0,0.35,Measured transition
T11,1.11475,CONTROLLER_STATE,2,1,49.4846699475522,1,1,0.7,0.6915,0,0.35,Measured transition
T11,1.11925,CONTROLLER_STATE,1,2,49.508942969579,1,1,0.7,0.6915,0,0.35,Measured transition
T11,1.1205,CONTROLLER_STATE,2,1,49.4821126735244,1,1,0.7,0.6915,0,0.35,Measured transition
T11,1.127,CONTROLLER_STATE,1,2,49.5042779275975,1,1,0.7,0.6915,0,0.35,Measured transition
T11,1.12775,CONTROLLER_STATE,2,1,49.489142619099,1,1,0.7,0.6915,0,0.35,Measured transition
T11,0.602,FAULT_DETECTION,NaN,NaN,52.8039738685459,1,1,0.7,0.6915,0,0.35,Warning/emergency threshold crossing
T11,0.60625,TRIP_COMMAND,NaN,NaN,69.6388593680764,1,1,0.7,0.6915,0,0.35,Controller trip command
T11,0.6145,PHYSICAL_OPEN,NaN,NaN,69.27268229613,0,1,0.7,0.6915,0,0.35,Contactor physically open
T11,0.6915,SAFE_INTERVAL_START,NaN,NaN,51.3481546967765,0,0,0.7,0.6915,0,0.35,Start of uninterrupted safe interval leading to reconnect
T11,1.0415,RECONNECT_COMMAND,NaN,NaN,50.4615228731266,0,0,0.7,0.6915,0,0.35,Reconnect command after safe dwell
T11,1.05375,PHYSICAL_CLOSE,NaN,NaN,50.4871643933769,1,0,0.7,0.6915,0,0.35,Contactor physically closed
T12,0.60275,CONTROLLER_STATE,1,2,50.4449198684741,1,1,0.7,0.66975,0,0.35,Measured transition
T12,0.60375,CONTROLLER_STATE,2,3,54.3635161976601,1,1,0.7,0.66975,0,0.35,Measured transition
T12,0.6485,CONTROLLER_STATE,3,4,57.7581990440987,0,1,0.7,0.66975,0,0.35,Measured transition
T12,0.65675,PHYSICAL_RELAY,4,4,52.7742710187635,0,0,0.7,0.66975,0,0.35,Measured transition
T12,0.67,CONTROLLER_STATE,4,5,51.3120617121855,0,0,0.7,0.66975,0,0.35,Measured transition
T12,1.02,CONTROLLER_STATE,5,6,50.486149532103,1,0,0.7,0.66975,0,0.35,Measured transition
T12,1.02025,CONTROLLER_STATE,6,2,50.4899657874746,1,0,0.7,0.66975,0,0.35,Measured transition
T12,1.03225,PHYSICAL_RELAY,2,2,50.4646175809762,1,1,0.7,0.66975,0,0.35,Measured transition
T12,1.07475,CONTROLLER_STATE,2,1,49.4809553253486,1,1,0.7,0.66975,0,0.35,Measured transition
T12,1.077,CONTROLLER_STATE,1,2,49.5215353167711,1,1,0.7,0.66975,0,0.35,Measured transition
T12,1.0805,CONTROLLER_STATE,2,1,49.4907102405421,1,1,0.7,0.66975,0,0.35,Measured transition
T12,1.08225,CONTROLLER_STATE,1,2,49.513211368816,1,1,0.7,0.66975,0,0.35,Measured transition
T12,1.08475,CONTROLLER_STATE,2,1,49.4872028146953,1,1,0.7,0.66975,0,0.35,Measured transition
T12,1.087,CONTROLLER_STATE,1,2,49.5133721798843,1,1,0.7,0.66975,0,0.35,Measured transition
T12,1.089,CONTROLLER_STATE,2,1,49.4827099991094,1,1,0.7,0.66975,0,0.35,Measured transition
T12,1.0925,CONTROLLER_STATE,1,2,49.5112920908253,1,1,0.7,0.66975,0,0.35,Measured transition
T12,1.094,CONTROLLER_STATE,2,1,49.4827080363695,1,1,0.7,0.66975,0,0.35,Measured transition
T12,1.09875,CONTROLLER_STATE,1,2,49.507064360135,1,1,0.7,0.66975,0,0.35,Measured transition
T12,1.09975,CONTROLLER_STATE,2,1,49.491051997277,1,1,0.7,0.66975,0,0.35,Measured transition
T12,1.105,CONTROLLER_STATE,1,2,49.5052599617714,1,1,0.7,0.66975,0,0.35,Measured transition
T12,1.10575,CONTROLLER_STATE,2,1,49.4896748760465,1,1,0.7,0.66975,0,0.35,Measured transition
T12,0.6035,FAULT_DETECTION,NaN,NaN,53.3074445313906,1,1,0.7,0.66975,0,0.35,Warning/emergency threshold crossing
T12,0.64825,TRIP_COMMAND,NaN,NaN,57.9192417777831,1,1,0.7,0.66975,0,0.35,Controller trip command
T12,0.6565,PHYSICAL_OPEN,NaN,NaN,52.8881641531326,0,1,0.7,0.66975,0,0.35,Contactor physically open
T12,0.66975,SAFE_INTERVAL_START,NaN,NaN,51.3361038057129,0,0,0.7,0.66975,0,0.35,Start of uninterrupted safe interval leading to reconnect
T12,1.01975,RECONNECT_COMMAND,NaN,NaN,50.4823221264688,0,0,0.7,0.66975,0,0.35,Reconnect command after safe dwell
T12,1.032,PHYSICAL_CLOSE,NaN,NaN,50.4681311014056,1,0,0.7,0.66975,0,0.35,Contactor physically closed
T14,0.602,CONTROLLER_STATE,1,2,52.8039738685459,1,1,0.7,0.6915,0,0.35,Measured transition
T14,0.60225,CONTROLLER_STATE,2,3,54.8580439386504,1,1,0.7,0.6915,0,0.35,Measured transition
T14,0.6065,CONTROLLER_STATE,3,4,69.6805615397628,0,1,0.7,0.6915,0,0.35,Measured transition
T14,0.61475,PHYSICAL_RELAY,4,4,69.233713490855,0,0,0.7,0.6915,0,0.35,Measured transition
T14,0.69175,CONTROLLER_STATE,4,5,51.3255768578818,0,0,0.7,0.6915,0,0.35,Measured transition
T14,1.04175,CONTROLLER_STATE,5,6,50.4650073587827,1,0,0.7,0.6915,0,0.35,Measured transition
T14,1.042,CONTROLLER_STATE,6,2,50.4686075129281,1,0,0.7,0.6915,0,0.35,Measured transition
T14,1.054,PHYSICAL_RELAY,2,2,50.4833214869605,1,1,0.7,0.6915,0,0.35,Measured transition
T14,1.0965,CONTROLLER_STATE,2,1,49.4864681174321,1,1,0.7,0.6915,0,0.35,Measured transition
T14,1.0985,CONTROLLER_STATE,1,2,49.5107514341221,1,1,0.7,0.6915,0,0.35,Measured transition
T14,1.1015,CONTROLLER_STATE,2,1,49.4854604188384,1,1,0.7,0.6915,0,0.35,Measured transition
T14,1.10325,CONTROLLER_STATE,1,2,49.5109731899512,1,1,0.7,0.6915,0,0.35,Measured transition
T14,1.10575,CONTROLLER_STATE,2,1,49.4903613682687,1,1,0.7,0.6915,0,0.35,Measured transition
T14,1.10775,CONTROLLER_STATE,1,2,49.5153809367075,1,1,0.7,0.6915,0,0.35,Measured transition
T14,1.11,CONTROLLER_STATE,2,1,49.4804913205294,1,1,0.7,0.6915,0,0.35,Measured transition
T14,1.11325,CONTROLLER_STATE,1,2,49.5097916835848,1,1,0.7,0.6915,0,0.35,Measured transition
T14,1.11475,CONTROLLER_STATE,2,1,49.4846699475522,1,1,0.7,0.6915,0,0.35,Measured transition
T14,1.11925,CONTROLLER_STATE,1,2,49.508942969579,1,1,0.7,0.6915,0,0.35,Measured transition
T14,1.1205,CONTROLLER_STATE,2,1,49.4821126735244,1,1,0.7,0.6915,0,0.35,Measured transition
T14,1.127,CONTROLLER_STATE,1,2,49.5042779275975,1,1,0.7,0.6915,0,0.35,Measured transition
T14,1.12775,CONTROLLER_STATE,2,1,49.489142619099,1,1,0.7,0.6915,0,0.35,Measured transition
T14,0.602,FAULT_DETECTION,NaN,NaN,52.8039738685459,1,1,0.7,0.6915,0,0.35,Warning/emergency threshold crossing
T14,0.60625,TRIP_COMMAND,NaN,NaN,69.6388593680764,1,1,0.7,0.6915,0,0.35,Controller trip command
T14,0.6145,PHYSICAL_OPEN,NaN,NaN,69.27268229613,0,1,0.7,0.6915,0,0.35,Contactor physically open
T14,0.6915,SAFE_INTERVAL_START,NaN,NaN,51.3481546967765,0,0,0.7,0.6915,0,0.35,Start of uninterrupted safe interval leading to reconnect
T14,1.0415,RECONNECT_COMMAND,NaN,NaN,50.4615228731266,0,0,0.7,0.6915,0,0.35,Reconnect command after safe dwell
T14,1.05375,PHYSICAL_CLOSE,NaN,NaN,50.4871643933769,1,0,0.7,0.6915,0,0.35,Contactor physically closed
T15,0.602,CONTROLLER_STATE,1,2,52.8039738685459,1,1,0.7,0.6915,0,0.35,Measured transition
T15,0.60225,CONTROLLER_STATE,2,3,54.8580439386504,1,1,0.7,0.6915,0,0.35,Measured transition
T15,0.6065,CONTROLLER_STATE,3,4,69.6805615397628,0,1,0.7,0.6915,0,0.35,Measured transition
T15,0.61475,PHYSICAL_RELAY,4,4,69.233713490855,0,0,0.7,0.6915,0,0.35,Measured transition
T15,0.69175,CONTROLLER_STATE,4,5,51.3255768578818,0,0,0.7,0.6915,0,0.35,Measured transition
T15,1.04175,CONTROLLER_STATE,5,6,50.4650073587827,1,0,0.7,0.6915,0,0.35,Measured transition
T15,1.042,CONTROLLER_STATE,6,2,50.4686075129281,1,0,0.7,0.6915,0,0.35,Measured transition
T15,1.054,PHYSICAL_RELAY,2,2,50.4833214869605,1,1,0.7,0.6915,0,0.35,Measured transition
T15,1.0965,CONTROLLER_STATE,2,1,49.4864681174321,1,1,0.7,0.6915,0,0.35,Measured transition
T15,1.0985,CONTROLLER_STATE,1,2,49.5107514341221,1,1,0.7,0.6915,0,0.35,Measured transition
T15,1.1015,CONTROLLER_STATE,2,1,49.4854604188384,1,1,0.7,0.6915,0,0.35,Measured transition
T15,1.10325,CONTROLLER_STATE,1,2,49.5109731899512,1,1,0.7,0.6915,0,0.35,Measured transition
T15,1.10575,CONTROLLER_STATE,2,1,49.4903613682687,1,1,0.7,0.6915,0,0.35,Measured transition
T15,1.10775,CONTROLLER_STATE,1,2,49.5153809367075,1,1,0.7,0.6915,0,0.35,Measured transition
T15,1.11,CONTROLLER_STATE,2,1,49.4804913205294,1,1,0.7,0.6915,0,0.35,Measured transition
T15,1.11325,CONTROLLER_STATE,1,2,49.5097916835848,1,1,0.7,0.6915,0,0.35,Measured transition
T15,1.11475,CONTROLLER_STATE,2,1,49.4846699475522,1,1,0.7,0.6915,0,0.35,Measured transition
T15,1.11925,CONTROLLER_STATE,1,2,49.508942969579,1,1,0.7,0.6915,0,0.35,Measured transition
T15,1.1205,CONTROLLER_STATE,2,1,49.4821126735244,1,1,0.7,0.6915,0,0.35,Measured transition
T15,1.127,CONTROLLER_STATE,1,2,49.5042779275975,1,1,0.7,0.6915,0,0.35,Measured transition
T15,1.12775,CONTROLLER_STATE,2,1,49.489142619099,1,1,0.7,0.6915,0,0.35,Measured transition
T15,0.602,FAULT_DETECTION,NaN,NaN,52.8039738685459,1,1,0.7,0.6915,0,0.35,Warning/emergency threshold crossing
T15,0.60625,TRIP_COMMAND,NaN,NaN,69.6388593680764,1,1,0.7,0.6915,0,0.35,Controller trip command
T15,0.6145,PHYSICAL_OPEN,NaN,NaN,69.27268229613,0,1,0.7,0.6915,0,0.35,Contactor physically open
T15,0.6915,SAFE_INTERVAL_START,NaN,NaN,51.3481546967765,0,0,0.7,0.6915,0,0.35,Start of uninterrupted safe interval leading to reconnect
T15,1.0415,RECONNECT_COMMAND,NaN,NaN,50.4615228731266,0,0,0.7,0.6915,0,0.35,Reconnect command after safe dwell
T15,1.05375,PHYSICAL_CLOSE,NaN,NaN,50.4871643933769,1,0,0.7,0.6915,0,0.35,Contactor physically closed
T16,0.601,CONTROLLER_STATE,1,4,129.783612900634,0,1,0.7,0.758,0,0.35,Measured transition
T16,0.60925,PHYSICAL_RELAY,4,4,1200,0,0,0.7,0.758,0,0.35,Measured transition
T16,0.75825,CONTROLLER_STATE,4,5,51.3187074454549,0,0,0.7,0.758,0,0.35,Measured transition
T16,1.10825,CONTROLLER_STATE,5,6,50.4969606377799,1,0,0.7,0.758,0,0.35,Measured transition
T16,1.1085,CONTROLLER_STATE,6,2,50.500571695085,1,0,0.7,0.758,0,0.35,Measured transition
T16,1.1205,PHYSICAL_RELAY,2,2,50.4438031861957,1,1,0.7,0.758,0,0.35,Measured transition
T16,1.16225,CONTROLLER_STATE,2,1,49.4887901182898,1,1,0.7,0.758,0,0.35,Measured transition
T16,1.164,CONTROLLER_STATE,1,2,49.5134325473221,1,1,0.7,0.758,0,0.35,Measured transition
T16,1.1675,CONTROLLER_STATE,2,1,49.4878501741544,1,1,0.7,0.758,0,0.35,Measured transition
T16,1.16925,CONTROLLER_STATE,1,2,49.5183951423199,1,1,0.7,0.758,0,0.35,Measured transition
T16,1.17225,CONTROLLER_STATE,2,1,49.4819583446244,1,1,0.7,0.758,0,0.35,Measured transition
T16,1.17475,CONTROLLER_STATE,1,2,49.5114287228803,1,1,0.7,0.758,0,0.35,Measured transition
T16,1.1765,CONTROLLER_STATE,2,1,49.4902099468932,1,1,0.7,0.758,0,0.35,Measured transition
T16,1.1795,CONTROLLER_STATE,1,2,49.5103876437257,1,1,0.7,0.758,0,0.35,Measured transition
T16,1.181,CONTROLLER_STATE,2,1,49.4819256108167,1,1,0.7,0.758,0,0.35,Measured transition
T16,1.18525,CONTROLLER_STATE,1,2,49.5091535709407,1,1,0.7,0.758,0,0.35,Measured transition
T16,1.1865,CONTROLLER_STATE,2,1,49.4876733980283,1,1,0.7,0.758,0,0.35,Measured transition
T16,1.19125,CONTROLLER_STATE,1,2,49.5073982339332,1,1,0.7,0.758,0,0.35,Measured transition
T16,1.19225,CONTROLLER_STATE,2,1,49.4854528648423,1,1,0.7,0.758,0,0.35,Measured transition
T16,0.60075,FAULT_DETECTION,NaN,NaN,78.9955413106227,1,1,0.7,0.758,0,0.35,Warning/emergency threshold crossing
T16,0.60075,TRIP_COMMAND,NaN,NaN,78.9955413106227,1,1,0.7,0.758,0,0.35,Controller trip command
T16,0.609,PHYSICAL_OPEN,NaN,NaN,1200,0,1,0.7,0.758,0,0.35,Contactor physically open
T16,0.758,SAFE_INTERVAL_START,NaN,NaN,51.3413788724883,0,0,0.7,0.758,0,0.35,Start of uninterrupted safe interval leading to reconnect
T16,1.108,RECONNECT_COMMAND,NaN,NaN,50.4932747128205,0,0,0.7,0.758,0,0.35,Reconnect command after safe dwell
T16,1.12025,PHYSICAL_CLOSE,NaN,NaN,50.4465100120691,1,0,0.7,0.758,0,0.35,Contactor physically closed
